{"rougeLsum": 27.630332229755194, "length": 136.802, "str_em": 40.75, "QA-EM": 18.246666666666663, "QA-F1": 24.25903202141283, "QA-Hit": 2.6, "ovscore": 25.88986508894757}